{
	"pattrstorage" : 	{
		"name" : "seq.ex.sometimes-retrig",
		"slots" : 		{
			"1" : 			{
				"id" : 1,
				"data" : 				{
					"comb-freqs" : [ 30, 30, 53, 59, 63, 67, 71, 74, 76, 76, 75, 68, 61, 59, 55, 54, 52, 50, 49, 49, 52, 52, 52, 52, 53, 55, 59, 61, 63, 62, 70, 72 ],
					"density" : [ "density", 0.5 ],
					"live.numbox" : [ 0.342857142857143 ],
					"lpf-cutoff" : [ "cutoff", 4000.0 ],
					"mc.live.gain~" : [ -11.370078740157467 ],
					"rt-probability" : [ 0.342857142857143 ],
					"rt-repeats" : [ "repeats", 4.0 ],
					"rt-subdiv" : [ "subdiv", 32.0 ],
					"steps" : [ "steps", 48.0 ],
					"variation" : [ "variation", 1.0 ],
					"windowlength" : [ "windowlength", 0.58 ],
					"windows" : [ "windows", 12.0 ]
				}

			}
,
			"2" : 			{
				"id" : 2,
				"data" : 				{
					"comb-freqs" : [ 30, 85, 82, 84, 81, 75, 70, 65, 39, 39, 37, 36, 35, 35, 35, 35, 35, 35, 67, 67, 67, 36, 37, 37, 60, 38, 81, 39, 39, 39, 39, 48 ],
					"density" : [ "density", 1.0 ],
					"live.numbox" : [ 0.342857142857143 ],
					"lpf-cutoff" : [ "cutoff", 3000.0 ],
					"mc.live.gain~" : [ -11.370078740157467 ],
					"rt-probability" : [ 0.342857142857143 ],
					"rt-repeats" : [ "repeats", 4.0 ],
					"rt-subdiv" : [ "subdiv", 16.0 ],
					"steps" : [ "steps", 32.0 ],
					"variation" : [ "variation", 0.4 ],
					"windowlength" : [ "windowlength", 0.58 ],
					"windows" : [ "windows", 12.0 ]
				}

			}

		}

	}

}
