{
	"pattrstorage" : 	{
		"name" : "seq.ex.jpgpattern",
		"slots" : 		{
			"1" : 			{
				"id" : 1,
				"data" : 				{
					"i2p::steps" : [ 8 ],
					"i2p::row" : [ 0.58425110578537 ],
					"i2p::threshold" : [ 0.5 ],
					"i2p::filename" : [ "fernie.jpg" ],
					"sequence::high" : [ 11.0 ],
					"sequence::live.text" : [ 1.0 ],
					"sequence::low" : [ 0.0 ],
					"sequence::offset" : [ 50.0 ],
					"sequence::sequence" : [ 0.363636363636364, 0.545454545454545, 0.545454545454545, 0.363636363636364, 0.181818181818182, 0.181818181818182, 0.272727272727273, 0.636363636363636 ],
					"sequence::size" : [ 8.0 ],
					"sequence::stepsize" : [ 1.0 ],
					"bar/bpm" : [ "bpm", 120.0 ]
				}

			}

		}

	}

}
