{
	"pattrstorage" : 	{
		"name" : "seq.ex.seqwith8-3",
		"slots" : 		{
			"1" : 			{
				"id" : 1,
				"data" : 				{
					"bar/bpm" : [ "bpm", 120.0 ],
					"envelope" : [ 1000.0, 0.0, 1.0, 0.0, 0.0, 1, 0.0, 114.361702127659569, 0.970149253731343, 0, -0.055, 1000.0, 0.0, 1, 0.0, "curve" ],
					"gate-length" : [ 10.0 ],
					"resonance" : [ 1000.0 ],
					"scala/scale" : [ "indian-hahn.scl" ],
					"twist" : [ "curve", 0.7 ],
					"playbackspeed" : [ 1.0 ]
				}

			}
,
			"2" : 			{
				"id" : 2,
				"data" : 				{
					"bar/bpm" : [ "bpm", 120.0 ],
					"envelope" : [ 1000.0, 0.0, 1.0, 0.0, 0.0, 1, 0.0, 114.361702127659569, 0.970149253731343, 0, -0.055, 1000.0, 0.0, 1, 0.0, "curve" ],
					"gate-length" : [ 30.0 ],
					"resonance" : [ 2000.0 ],
					"scala/scale" : [ "indian-hahn.scl" ],
					"twist" : [ "curve", 0.0 ],
					"playbackspeed" : [ 1.0 ]
				}

			}
,
			"3" : 			{
				"id" : 3,
				"data" : 				{
					"bar/bpm" : [ "bpm", 120.0 ],
					"envelope" : [ 1000.0, 0.0, 1.0, 0.0, 0.0, 1, 0.0, 550.531914893617, 0.895522388059702, 0, -0.055, 1000.0, 0.0, 1, 0.0, "curve" ],
					"gate-length" : [ 200.0 ],
					"resonance" : [ 100.0 ],
					"scala/scale" : [ "indian-hahn.scl" ],
					"twist" : [ "curve", -0.5 ],
					"playbackspeed" : [ 1.0 ]
				}

			}
,
			"4" : 			{
				"id" : 4,
				"data" : 				{
					"bar/bpm" : [ "bpm", 120.0 ],
					"envelope" : [ 1000.0, 0.0, 1.0, 0.0, 0.0, 1, 0.0, 0.0, 0.985074626865672, 0, -0.655, 1000.0, 0.0, 1, -0.795, "curve" ],
					"gate-length" : [ 46.0 ],
					"resonance" : [ 100.0 ],
					"scala/scale" : [ "indian-hahn.scl" ],
					"twist" : [ "curve", -0.5 ],
					"playbackspeed" : [ 1.0 ]
				}

			}
,
			"5" : 			{
				"id" : 5,
				"data" : 				{
					"bar/bpm" : [ "bpm", 120.0 ],
					"envelope" : [ 1000.0, 0.0, 1.0, 0.0, 0.0, 1, 0.0, 77.127659574468083, 0.985074626865672, 0, -0.345, 1000.0, 0.0, 1, -0.495, "curve" ],
					"gate-length" : [ 46.0 ],
					"resonance" : [ 100.0 ],
					"scala/scale" : [ "indian-hahn.scl" ],
					"twist" : [ "curve", -0.5 ],
					"playbackspeed" : [ 1.2 ]
				}

			}

		}

	}

}
