{
	"pattrstorage" : 	{
		"name" : "seq.examples.mc",
		"slots" : 		{
			"1" : 			{
				"id" : 1,
				"data" : 				{
					"attack_ms" : [ "attack_ms", 1.0 ],
					"bpm" : [ "bpm", 150.0 ],
					"mc.live.gain~" : [ -8.523622047244103 ],
					"release_ms" : [ "release_ms", 154.0 ],
					"steps" : [ "steps", 64.0 ],
					"subdiv" : [ "subdiv", 16.0 ],
					"ui::events" : [ 0.363636363636364, 0.5, 0.333333333333333, 0.4 ],
					"ui::slice" : [ 0, 3, 10, 14 ],
					"ui::steps" : [ 11, 8, 6, 15 ],
					"ui::transpose" : [ 0.0, 0.0, 0.0875, 0.0, 0.0, 0.1, 0.0, 0.0, 0.0125, 0.0, 0.0, 1.0, 0.0, 0.0, 0.0, 0.0, 0.0, 0.2, 0.0, 0.0, 0.1875, 0.125, 0.0, 0.0 ],
					"ui::velocity" : [ 0.0625, 0.0625, 0.0625, 0.0625, 0.075, 0.075, 0.075, 0.075, 0.075, 0.0875, 0.0875, 0.0875, 0.09375, 0.1, 0.1, 0.1, 0.1125, 0.125, 0.125, 0.125, 0.1375, 0.14375, 0.15, 0.15, 0.15625, 0.1625, 0.175, 0.175, 0.175, 0.1875, 0.191666666666667, 0.195833333333333, 0.2, 0.2, 0.2, 0.204166666666667, 0.208333333333333, 0.2125, 0.2125, 0.2125, 0.2125, 0.216666666666667, 0.220833333333333, 0.225, 0.226785714285714, 0.228571428571429, 0.230357142857143, 0.232142857142857, 0.233928571428571, 0.235714285714286, 0.2375, 0.24375, 0.25, 0.25625, 0.2625, 0.275, 0.275, 0.28125, 0.2875, 0.3, 0.30625, 0.3125, 0.31875, 0.325, 0.33125, 0.3375, 0.35, 0.3625, 0.36875, 0.375, 0.3875, 0.4, 0.40625, 0.4125, 0.4375, 0.44375, 0.45, 0.4875, 0.5, 0.5125, 0.55, 0.56875, 0.5875, 0.60625, 0.625, 0.675, 0.69375, 0.7125, 0.75, 0.775, 0.8, 0.825, 0.8625, 0.8875, 0.9125, 0.9625, 0.9875, 1.0, 1.0, 1.0 ],
					"seq.xtra.fluidslice::fluid.concataudiofiles::destination" : [ "1000_sound" ],
					"seq.xtra.fluidslice::fluid.concataudiofiles::u195001374" : [ "1000_sound" ]
				}

			}
,
			"2" : 			{
				"id" : 2,
				"data" : 				{
					"attack_ms" : [ "attack_ms", 1.0 ],
					"bpm" : [ "bpm", 150.0 ],
					"mc.live.gain~" : [ -0.863517060367457 ],
					"release_ms" : [ "release_ms", 154.0 ],
					"steps" : [ "steps", 64.0 ],
					"subdiv" : [ "subdiv", 16.0 ],
					"ui::events" : [ 0.363636363636364, 0.5, 0.333333333333333, 0.4 ],
					"ui::slice" : [ 0, 8, 6, 14 ],
					"ui::steps" : [ 11, 8, 6, 15 ],
					"ui::transpose" : [ 0.075, 0.4125, 0.5, 0.4375, 0.4375, 0.4375, 0.4375, 0.0, 0.4625, 0.0, 0.0, 1.0, 0.0, 0.075, 0.0, 0.0, 0.0, 0.0, 0.0, 0.0, 0.0, 0.0, 0.0, 0.0 ],
					"ui::velocity" : [ 0.0625, 0.0625, 0.0625, 0.0625, 0.075, 0.075, 0.075, 0.075, 0.075, 0.0875, 0.0875, 0.0875, 0.09375, 0.1, 0.1, 0.1, 0.1125, 0.125, 0.125, 0.125, 0.1375, 0.14375, 0.15, 0.15, 0.15625, 0.1625, 0.175, 0.175, 0.175, 0.1875, 0.191666666666667, 0.195833333333333, 0.2, 0.2, 0.2, 0.204166666666667, 0.208333333333333, 0.2125, 0.2125, 0.2125, 0.2125, 0.216666666666667, 0.220833333333333, 0.225, 0.226785714285714, 0.228571428571429, 0.230357142857143, 0.232142857142857, 0.233928571428571, 0.235714285714286, 0.2375, 0.24375, 0.25, 0.25625, 0.2625, 0.275, 0.275, 0.28125, 0.2875, 0.3, 0.30625, 0.3125, 0.31875, 0.325, 0.33125, 0.3375, 0.35, 0.3625, 0.36875, 0.375, 0.3875, 0.4, 0.40625, 0.4125, 0.4375, 0.44375, 0.45, 0.4875, 0.5, 0.5125, 0.55, 0.56875, 0.5875, 0.60625, 0.625, 0.675, 0.69375, 0.7125, 0.75, 0.775, 0.8, 0.825, 0.8625, 0.8875, 0.9125, 0.9625, 0.9875, 1.0, 1.0, 1.0 ],
					"seq.xtra.fluidslice::fluid.concataudiofiles::destination" : [ "1000_sound" ],
					"seq.xtra.fluidslice::fluid.concataudiofiles::u195001374" : [ "1000_sound" ]
				}

			}
,
			"3" : 			{
				"id" : 3,
				"data" : 				{
					"attack_ms" : [ "attack_ms", 1.0 ],
					"bpm" : [ "bpm", 150.0 ],
					"mc.live.gain~" : [ -0.863517060367457 ],
					"release_ms" : [ "release_ms", 154.0 ],
					"steps" : [ "steps", 64.0 ],
					"subdiv" : [ "subdiv", 16.0 ],
					"ui::events" : [ 0.25, 0.4, 0.545454545454545, 0.333333333333333 ],
					"ui::slice" : [ 0, 8, 6, 14 ],
					"ui::steps" : [ 8, 5, 11, 9 ],
					"ui::transpose" : [ 0.075, 0.4125, 0.5, 0.4375, 0.4375, 0.4375, 0.4375, 0.0, 0.4625, 0.0, 0.0, 1.0, 0.0, 0.075, 0.0, 0.0, 0.0, 0.0, 0.0, 0.0, 0.0, 0.0, 0.0, 0.0 ],
					"ui::velocity" : [ 0.0625, 0.0625, 0.0625, 0.0625, 0.075, 0.075, 0.075, 0.075, 0.075, 0.0875, 0.0875, 0.0875, 0.09375, 0.1, 0.1, 0.1, 0.125, 0.2125, 0.25, 0.2875, 0.320833333333333, 0.354166666666667, 0.3875, 0.416666666666667, 0.445833333333333, 0.475, 0.5375, 0.55625, 0.575, 0.6125, 0.6, 0.5625, 0.4875, 0.3875, 0.225, 0.2125, 0.21875, 0.225, 0.275, 0.31875, 0.3625, 0.3875, 0.4125, 0.4375, 0.5, 0.525, 0.55, 0.575, 0.55, 0.375, 0.3, 0.2375, 0.23125, 0.225, 0.21875, 0.2125, 0.220833333333333, 0.229166666666667, 0.2375, 0.2625, 0.2875, 0.3125, 0.3375, 0.3625, 0.3875, 0.4125, 0.44375, 0.475, 0.495833333333333, 0.516666666666667, 0.5375, 0.5625, 0.575, 0.55, 0.4375, 0.3875, 0.3625, 0.3375, 0.3375, 0.3375, 0.345833333333333, 0.354166666666667, 0.3625, 0.375, 0.3875, 0.4, 0.43125, 0.4625, 0.4875, 0.5125, 0.520833333333333, 0.529166666666667, 0.5375, 0.55, 0.5625, 0.55, 0.53125, 0.5125, 0.4625, 1.0 ],
					"seq.xtra.fluidslice::fluid.concataudiofiles::destination" : [ "1000_sound" ],
					"seq.xtra.fluidslice::fluid.concataudiofiles::u195001374" : [ "1000_sound" ]
				}

			}
,
			"4" : 			{
				"id" : 4,
				"data" : 				{
					"attack_ms" : [ "attack_ms", 1.0 ],
					"bpm" : [ "bpm", 150.0 ],
					"mc.live.gain~" : [ -0.863517060367457 ],
					"release_ms" : [ "release_ms", 154.0 ],
					"steps" : [ "steps", 64.0 ],
					"subdiv" : [ "subdiv", 16.0 ],
					"ui::events" : [ 0.25, 0.4, 0.545454545454545, 0.333333333333333 ],
					"ui::slice" : [ 4, 8, 17, 4 ],
					"ui::steps" : [ 8, 5, 11, 9 ],
					"ui::transpose" : [ 0.6625, 0.45, 0.3, 0.225, 0.175, 0.1625, 0.1625, 0.1625, 0.1625, 0.0, 0.0, 0.025, 0.025, 0.075, 0.0, 0.0, 0.0, 0.0, 0.0, 0.0, 0.0, 0.0, 0.0, 0.0 ],
					"ui::velocity" : [ 0.0625, 0.0625, 0.0625, 0.0625, 0.075, 0.075, 0.075, 0.075, 0.075, 0.0875, 0.0875, 0.0875, 0.09375, 0.1, 0.1, 0.1, 0.125, 0.2125, 0.25, 0.2875, 0.320833333333333, 0.354166666666667, 0.3875, 0.416666666666667, 0.445833333333333, 0.475, 0.5375, 0.55625, 0.575, 0.6125, 0.6, 0.5625, 0.4875, 0.3875, 0.225, 0.2125, 0.21875, 0.225, 0.275, 0.31875, 0.3625, 0.3875, 0.4125, 0.4375, 0.5, 0.525, 0.55, 0.575, 0.55, 0.375, 0.3, 0.2375, 0.23125, 0.225, 0.21875, 0.2125, 0.220833333333333, 0.229166666666667, 0.2375, 0.2625, 0.2875, 0.3125, 0.3375, 0.3625, 0.3875, 0.4125, 0.44375, 0.475, 0.495833333333333, 0.516666666666667, 0.5375, 0.5625, 0.575, 0.55, 0.4375, 0.3875, 0.3625, 0.3375, 0.3375, 0.3375, 0.345833333333333, 0.354166666666667, 0.3625, 0.375, 0.3875, 0.4, 0.43125, 0.4625, 0.4875, 0.5125, 0.520833333333333, 0.529166666666667, 0.5375, 0.55, 0.5625, 0.55, 0.53125, 0.5125, 0.4625, 1.0 ],
					"seq.xtra.fluidslice::fluid.concataudiofiles::destination" : [ "1000_sound" ],
					"seq.xtra.fluidslice::fluid.concataudiofiles::u195001374" : [ "1000_sound" ]
				}

			}
,
			"5" : 			{
				"id" : 5,
				"data" : 				{
					"attack_ms" : [ "attack_ms", 1.0 ],
					"bpm" : [ "bpm", 150.0 ],
					"mc.live.gain~" : [ -8.523622047244103 ],
					"release_ms" : [ "release_ms", 154.0 ],
					"steps" : [ "steps", 64.0 ],
					"subdiv" : [ "subdiv", 16.0 ],
					"ui::events" : [ 0.363636363636364, 0.5, 0.166666666666667, 0.4 ],
					"ui::slice" : [ 0, 3, 6, 9 ],
					"ui::steps" : [ 11, 8, 6, 15 ],
					"ui::transpose" : [ 0.0, 0.0, 0.0875, 0.0, 0.0, 0.1, 0.0, 0.0, 0.0125, 0.0, 0.0, 1.0, 0.0, 0.0, 0.0, 0.0, 0.0, 0.2, 0.0, 0.0, 0.1875, 0.125, 0.0, 0.0 ],